bank,sound,rate,samples,seconds,offset,file
0,0,15000,2197,0.146,0,bank000/000.wav
0,1,15000,2197,0.146,0,bank000/001.wav
0,2,15000,2163,0.144,0,bank000/002.wav
0,3,15000,2433,0.162,0,bank000/003.wav
0,4,15000,2298,0.153,0,bank000/004.wav
0,5,15000,2839,0.189,0,bank000/005.wav
0,6,15000,3042,0.203,0,bank000/006.wav
0,7,15000,3785,0.252,0,bank000/007.wav
0,8,15000,3515,0.234,0,bank000/008.wav
0,9,15000,2433,0.162,0,bank000/009.wav
0,10,15000,3745,0.25,0,bank000/010.wav
0,11,15000,3244,0.216,0,bank000/011.wav
0,12,15000,4461,0.297,0,bank000/012.wav
0,13,15000,3065,0.204,0,bank000/013.wav
0,14,15000,15713,1.048,0,bank000/014.wav
0,15,15000,15157,1.01,0,bank000/015.wav
0,16,15000,18245,1.216,0,bank000/016.wav
0,17,15000,9941,0.663,0,bank000/017.wav
0,18,15000,19744,1.316,0,bank000/018.wav
0,19,15000,14353,0.957,0,bank000/019.wav
0,20,15000,10677,0.712,0,bank000/020.wav
0,21,15000,5394,0.36,0,bank000/021.wav
0,22,15000,11913,0.794,0,bank000/022.wav
0,23,15000,6049,0.403,0,bank000/023.wav
0,24,15000,10114,0.674,0,bank000/024.wav
0,25,15000,6488,0.433,0,bank000/025.wav
0,26,15000,4326,0.288,0,bank000/026.wav
0,27,15000,8111,0.541,0,bank000/027.wav
0,28,15000,8111,0.541,0,bank000/028.wav
0,29,15000,10138,0.676,0,bank000/029.wav
0,30,15000,9287,0.619,0,bank000/030.wav
0,31,15000,11760,0.784,0,bank000/031.wav
0,32,15000,8111,0.541,0,bank000/032.wav
0,33,15000,6489,0.433,0,bank000/033.wav
0,34,8000,3100,0.388,0,bank000/034.wav
0,35,8000,2668,0.334,0,bank000/035.wav
0,36,8000,3317,0.415,0,bank000/036.wav
0,37,8000,4830,0.604,0,bank000/037.wav
0,38,8000,2945,0.368,0,bank000/038.wav
0,39,8000,3965,0.496,0,bank000/039.wav
0,40,15000,6539,0.436,0,bank000/040.wav
0,41,15000,5272,0.351,0,bank000/041.wav
0,42,15000,3853,0.257,0,bank000/042.wav
0,43,15000,2839,0.189,0,bank000/043.wav
0,44,15000,3447,0.23,0,bank000/044.wav
0,45,15000,3650,0.243,0,bank000/045.wav
0,46,15000,4056,0.27,0,bank000/046.wav
0,47,15000,3853,0.257,0,bank000/047.wav
0,48,15000,3447,0.23,0,bank000/048.wav
0,49,15000,4664,0.311,0,bank000/049.wav
0,50,15000,4056,0.27,0,bank000/050.wav
0,51,15000,6286,0.419,0,bank000/051.wav
0,52,15000,4866,0.324,0,bank000/052.wav
0,53,15000,4664,0.311,0,bank000/053.wav
0,54,15000,3650,0.243,0,bank000/054.wav
0,55,15000,4866,0.324,0,bank000/055.wav
0,56,15000,5678,0.379,0,bank000/056.wav
0,57,15000,3853,0.257,0,bank000/057.wav
0,58,15000,4664,0.311,0,bank000/058.wav
0,59,15000,4866,0.324,0,bank000/059.wav
0,60,15000,4664,0.311,0,bank000/060.wav
0,61,15000,3244,0.216,0,bank000/061.wav
0,62,15000,4866,0.324,0,bank000/062.wav
0,63,15000,10331,0.689,0,bank000/063.wav
0,64,15000,10747,0.716,0,bank000/064.wav
0,65,15000,7725,0.515,0,bank000/065.wav
0,66,15000,9667,0.644,0,bank000/066.wav
0,67,15000,9369,0.625,0,bank000/067.wav
0,68,15000,14599,0.973,0,bank000/068.wav
0,69,15000,14233,0.949,0,bank000/069.wav
0,70,15000,14284,0.952,0,bank000/070.wav
0,71,15000,18502,1.233,0,bank000/071.wav
0,72,15000,11336,0.756,0,bank000/072.wav
0,73,15000,22041,1.469,0,bank000/073.wav
0,74,15000,9881,0.659,0,bank000/074.wav
0,75,15000,14161,0.944,0,bank000/075.wav
0,76,15000,9892,0.659,0,bank000/076.wav
0,77,15000,14290,0.953,0,bank000/077.wav
0,78,15000,15589,1.039,0,bank000/078.wav
0,79,15000,6428,0.429,0,bank000/079.wav
0,80,15000,5542,0.369,0,bank000/080.wav
0,81,15000,6948,0.463,0,bank000/081.wav
0,82,15000,10273,0.685,0,bank000/082.wav
0,83,15000,11355,0.757,0,bank000/083.wav
0,84,15000,10016,0.668,0,bank000/084.wav
0,85,15000,7705,0.514,0,bank000/085.wav
0,86,15000,5880,0.392,0,bank000/086.wav
0,87,15000,8110,0.541,0,bank000/087.wav
0,88,15000,8111,0.541,0,bank000/088.wav
0,89,15000,6894,0.46,0,bank000/089.wav
0,90,15000,5678,0.379,0,bank000/090.wav
0,91,15000,8516,0.568,0,bank000/091.wav
0,92,15000,5272,0.351,0,bank000/092.wav
0,93,15000,5272,0.351,0,bank000/093.wav
0,94,15000,6083,0.406,0,bank000/094.wav
0,95,15000,9732,0.649,0,bank000/095.wav
0,96,15000,5407,0.36,0,bank000/096.wav
0,97,15000,9327,0.622,0,bank000/097.wav
0,98,15000,10138,0.676,0,bank000/098.wav
0,99,15000,10949,0.73,0,bank000/099.wav
0,100,15000,6083,0.406,0,bank000/100.wav
0,101,15000,6461,0.431,0,bank000/101.wav
0,102,15000,4596,0.306,0,bank000/102.wav
0,103,15000,7570,0.505,0,bank000/103.wav
0,104,15000,3785,0.252,0,bank000/104.wav
0,105,15000,5542,0.369,0,bank000/105.wav
0,106,15000,2839,0.189,0,bank000/106.wav
0,107,15000,4326,0.288,0,bank000/107.wav
0,108,15000,3650,0.243,0,bank000/108.wav
0,109,15000,3515,0.234,0,bank000/109.wav
0,110,15000,5407,0.36,0,bank000/110.wav
0,111,15000,5407,0.36,0,bank000/111.wav
0,112,15000,4866,0.324,0,bank000/112.wav
0,113,15000,4866,0.324,0,bank000/113.wav
0,114,15000,3785,0.252,0,bank000/114.wav
0,115,15000,6539,0.436,0,bank000/115.wav
0,116,15000,3650,0.243,0,bank000/116.wav
0,117,15000,4056,0.27,0,bank000/117.wav
0,118,15000,6286,0.419,0,bank000/118.wav
0,119,15000,4866,0.324,0,bank000/119.wav
0,120,15000,3853,0.257,0,bank000/120.wav
0,121,15000,3244,0.216,0,bank000/121.wav
0,122,15000,3528,0.235,0,bank000/122.wav
0,123,15000,3544,0.236,0,bank000/123.wav
0,124,15000,4207,0.28,0,bank000/124.wav
0,125,15000,5615,0.374,0,bank000/125.wav
0,126,15000,7778,0.519,0,bank000/126.wav
0,127,15000,8785,0.586,0,bank000/127.wav
0,128,15000,3772,0.251,0,bank000/128.wav
0,129,15000,4567,0.304,0,bank000/129.wav
0,130,15000,4986,0.332,0,bank000/130.wav
0,131,15000,5333,0.356,0,bank000/131.wav
0,132,15000,10089,0.673,0,bank000/132.wav
0,133,15000,15653,1.044,0,bank000/133.wav
0,134,15000,5074,0.338,0,bank000/134.wav
0,135,15000,5216,0.348,0,bank000/135.wav
0,136,15000,7811,0.521,0,bank000/136.wav
0,137,15000,8844,0.59,0,bank000/137.wav
0,138,15000,9041,0.603,0,bank000/138.wav
0,139,15000,8809,0.587,0,bank000/139.wav
0,140,15000,10389,0.693,0,bank000/140.wav
0,141,15000,8677,0.578,0,bank000/141.wav
0,142,15000,5756,0.384,0,bank000/142.wav
0,143,15000,5737,0.382,0,bank000/143.wav
0,144,15000,4596,0.306,0,bank000/144.wav
0,145,15000,4866,0.324,0,bank000/145.wav
0,146,15000,4817,0.321,0,bank000/146.wav
0,147,15000,7705,0.514,0,bank000/147.wav
0,148,15000,3954,0.264,0,bank000/148.wav
0,149,15000,2699,0.18,0,bank000/149.wav
0,150,15000,6661,0.444,0,bank000/150.wav
0,151,15000,10138,0.676,0,bank000/151.wav
0,152,15000,8111,0.541,0,bank000/152.wav
0,153,15000,4258,0.284,0,bank000/153.wav
0,154,15000,6083,0.406,0,bank000/154.wav
0,155,15000,4190,0.279,0,bank000/155.wav
0,156,15000,8639,0.576,0,bank000/156.wav
0,157,15000,7181,0.479,0,bank000/157.wav
0,158,15000,8022,0.535,0,bank000/158.wav
0,159,15000,10175,0.678,0,bank000/159.wav
0,160,15000,4980,0.332,0,bank000/160.wav
0,161,15000,5385,0.359,0,bank000/161.wav
0,162,15000,9616,0.641,0,bank000/162.wav
0,163,15000,26787,1.786,0,bank000/163.wav
0,164,15000,20614,1.374,0,bank000/164.wav
0,165,15000,26058,1.737,0,bank000/165.wav
0,166,15000,26493,1.766,0,bank000/166.wav
0,167,15000,22253,1.484,0,bank000/167.wav
0,168,15000,26682,1.779,0,bank000/168.wav
1,0,12000,16454,1.371,2552514,bank001/000.wav
1,1,12000,11752,0.979,2552514,bank001/001.wav
1,2,12000,14486,1.207,2552514,bank001/002.wav
1,3,12000,18943,1.579,2552514,bank001/003.wav
1,4,12000,8034,0.669,2552514,bank001/004.wav
1,5,12000,6813,0.568,2552514,bank001/005.wav
1,6,12000,10349,0.862,2552514,bank001/006.wav
1,7,12000,12311,1.026,2552514,bank001/007.wav
1,8,12000,6404,0.534,2552514,bank001/008.wav
1,9,12000,19613,1.634,2552514,bank001/009.wav
1,10,12000,16910,1.409,2552514,bank001/010.wav
1,11,12000,19579,1.632,2552514,bank001/011.wav
1,12,12000,15261,1.272,2552514,bank001/012.wav
1,13,12000,16970,1.414,2552514,bank001/013.wav
1,14,12000,12912,1.076,2552514,bank001/014.wav
1,15,12000,11553,0.963,2552514,bank001/015.wav
1,16,12000,13525,1.127,2552514,bank001/016.wav
1,17,12000,11308,0.942,2552514,bank001/017.wav
1,18,12000,9905,0.825,2552514,bank001/018.wav
1,19,12000,14678,1.223,2552514,bank001/019.wav
1,20,12000,17467,1.456,2552514,bank001/020.wav
1,21,12000,10373,0.864,2552514,bank001/021.wav
1,22,12000,5084,0.424,2552514,bank001/022.wav
1,23,12000,10397,0.866,2552514,bank001/023.wav
1,24,12000,16652,1.388,2552514,bank001/024.wav
1,25,12000,4546,0.379,2552514,bank001/025.wav
1,26,12000,5091,0.424,2552514,bank001/026.wav
1,27,12000,3912,0.326,2552514,bank001/027.wav
1,28,12000,6049,0.504,2552514,bank001/028.wav
1,29,12000,5486,0.457,2552514,bank001/029.wav
1,30,12000,4940,0.412,2552514,bank001/030.wav
1,31,12000,10152,0.846,2552514,bank001/031.wav
1,32,12000,6177,0.515,2552514,bank001/032.wav
1,33,12000,6738,0.561,2552514,bank001/033.wav
1,34,12000,7052,0.588,2552514,bank001/034.wav
1,35,12000,4623,0.385,2552514,bank001/035.wav
1,36,12000,3991,0.333,2552514,bank001/036.wav
1,37,12000,5494,0.458,2552514,bank001/037.wav
1,38,12000,3909,0.326,2552514,bank001/038.wav
1,39,12000,6496,0.541,2552514,bank001/039.wav
1,40,12000,7666,0.639,2552514,bank001/040.wav
1,41,12000,7192,0.599,2552514,bank001/041.wav
1,42,12000,4906,0.409,2552514,bank001/042.wav
1,43,12000,5778,0.481,2552514,bank001/043.wav
1,44,12000,4679,0.39,2552514,bank001/044.wav
1,45,12000,4410,0.367,2552514,bank001/045.wav
1,46,12000,2294,0.191,2552514,bank001/046.wav
1,47,12000,2953,0.246,2552514,bank001/047.wav
1,48,12000,3405,0.284,2552514,bank001/048.wav
1,49,12000,2131,0.178,2552514,bank001/049.wav
1,50,12000,2883,0.24,2552514,bank001/050.wav
1,51,12000,3166,0.264,2552514,bank001/051.wav
1,52,12000,3909,0.326,2552514,bank001/052.wav
1,53,12000,3043,0.254,2552514,bank001/053.wav
1,54,12000,3979,0.332,2552514,bank001/054.wav
1,55,12000,5085,0.424,2552514,bank001/055.wav
1,56,12000,5269,0.439,2552514,bank001/056.wav
1,57,12000,3989,0.332,2552514,bank001/057.wav
1,58,12000,3317,0.276,2552514,bank001/058.wav
1,59,12000,4391,0.366,2552514,bank001/059.wav
1,60,12000,3980,0.332,2552514,bank001/060.wav
1,61,12000,4297,0.358,2552514,bank001/061.wav
1,62,12000,3406,0.284,2552514,bank001/062.wav
1,63,12000,2763,0.23,2552514,bank001/063.wav
1,64,12000,3931,0.328,2552514,bank001/064.wav
1,65,12000,5548,0.462,2552514,bank001/065.wav
1,66,12000,5929,0.494,2552514,bank001/066.wav
1,67,12000,3939,0.328,2552514,bank001/067.wav
1,68,12000,4175,0.348,2552514,bank001/068.wav
1,69,12000,3145,0.262,2552514,bank001/069.wav
1,70,12000,2404,0.2,2552514,bank001/070.wav
1,71,12000,2773,0.231,2552514,bank001/071.wav
1,72,12000,2729,0.227,2552514,bank001/072.wav
1,73,12000,4335,0.361,2552514,bank001/073.wav
1,74,12000,2977,0.248,2552514,bank001/074.wav
1,75,12000,3844,0.32,2552514,bank001/075.wav
1,76,12000,4284,0.357,2552514,bank001/076.wav
1,77,12000,2944,0.245,2552514,bank001/077.wav
1,78,12000,3225,0.269,2552514,bank001/078.wav
1,79,12000,3601,0.3,2552514,bank001/079.wav
1,80,12000,2935,0.245,2552514,bank001/080.wav
1,81,12000,4526,0.377,2552514,bank001/081.wav
1,82,12000,3205,0.267,2552514,bank001/082.wav
1,83,12000,3454,0.288,2552514,bank001/083.wav
1,84,12000,3526,0.294,2552514,bank001/084.wav
1,85,12000,4466,0.372,2552514,bank001/085.wav
1,86,12000,3620,0.302,2552514,bank001/086.wav
1,87,12000,3812,0.318,2552514,bank001/087.wav
1,88,12000,15990,1.333,2552514,bank001/088.wav
1,89,12000,21374,1.781,2552514,bank001/089.wav
1,90,12000,17031,1.419,2552514,bank001/090.wav
1,91,12000,21605,1.8,2552514,bank001/091.wav
1,92,12000,20015,1.668,2552514,bank001/092.wav
1,93,12000,11685,0.974,2552514,bank001/093.wav
1,94,12000,23146,1.929,2552514,bank001/094.wav
1,95,12000,9161,0.763,2552514,bank001/095.wav
1,96,12000,11317,0.943,2552514,bank001/096.wav
1,97,12000,17580,1.465,2552514,bank001/097.wav
1,98,12000,14932,1.244,2552514,bank001/098.wav
1,99,12000,21586,1.799,2552514,bank001/099.wav
1,100,12000,14812,1.234,2552514,bank001/100.wav
1,101,12000,5747,0.479,2552514,bank001/101.wav
1,102,12000,8635,0.72,2552514,bank001/102.wav
1,103,12000,11701,0.975,2552514,bank001/103.wav
1,104,12000,12854,1.071,2552514,bank001/104.wav
1,105,12000,12853,1.071,2552514,bank001/105.wav
1,106,12000,8403,0.7,2552514,bank001/106.wav
1,107,12000,13975,1.165,2552514,bank001/107.wav
1,108,12000,12756,1.063,2552514,bank001/108.wav
1,109,12000,12121,1.01,2552514,bank001/109.wav
1,110,12000,8855,0.738,2552514,bank001/110.wav
1,111,12000,10489,0.874,2552514,bank001/111.wav
1,112,12000,13045,1.087,2552514,bank001/112.wav
1,113,12000,5765,0.48,2552514,bank001/113.wav
1,114,12000,17272,1.439,2552514,bank001/114.wav
1,115,12000,12539,1.045,2552514,bank001/115.wav
1,116,12000,6243,0.52,2552514,bank001/116.wav
1,117,12000,4823,0.402,2552514,bank001/117.wav
1,118,12000,12265,1.022,2552514,bank001/118.wav
1,119,12000,8050,0.671,2552514,bank001/119.wav
1,120,12000,5700,0.475,2552514,bank001/120.wav
1,121,12000,7068,0.589,2552514,bank001/121.wav
1,122,12000,9341,0.778,2552514,bank001/122.wav
1,123,12000,9568,0.797,2552514,bank001/123.wav
1,124,12000,9820,0.818,2552514,bank001/124.wav
1,125,12000,9729,0.811,2552514,bank001/125.wav
1,126,12000,11028,0.919,2552514,bank001/126.wav
1,127,12000,7720,0.643,2552514,bank001/127.wav
1,128,12000,10152,0.846,2552514,bank001/128.wav
1,129,12000,8299,0.692,2552514,bank001/129.wav
1,130,12000,6725,0.56,2552514,bank001/130.wav
2,0,12000,14839,1.237,4786082,bank002/000.wav
2,1,12000,24377,2.031,4786082,bank002/001.wav
2,2,12000,15609,1.301,4786082,bank002/002.wav
2,3,12000,13104,1.092,4786082,bank002/003.wav
2,4,12000,8697,0.725,4786082,bank002/004.wav
2,5,12000,7832,0.653,4786082,bank002/005.wav
2,6,12000,11022,0.918,4786082,bank002/006.wav
2,7,12000,6131,0.511,4786082,bank002/007.wav
2,8,12000,6742,0.562,4786082,bank002/008.wav
2,9,12000,6417,0.535,4786082,bank002/009.wav
2,10,12000,7379,0.615,4786082,bank002/010.wav
2,11,12000,7478,0.623,4786082,bank002/011.wav
2,12,12000,4779,0.398,4786082,bank002/012.wav
2,13,12000,6562,0.547,4786082,bank002/013.wav
2,14,12000,4283,0.357,4786082,bank002/014.wav
2,15,12000,4654,0.388,4786082,bank002/015.wav
2,16,12000,4636,0.386,4786082,bank002/016.wav
2,17,12000,4927,0.411,4786082,bank002/017.wav
2,18,12000,6015,0.501,4786082,bank002/018.wav
2,19,12000,9165,0.764,4786082,bank002/019.wav
2,20,12000,6470,0.539,4786082,bank002/020.wav
2,21,12000,6504,0.542,4786082,bank002/021.wav
2,22,12000,5823,0.485,4786082,bank002/022.wav
2,23,12000,5538,0.462,4786082,bank002/023.wav
2,24,12000,5337,0.445,4786082,bank002/024.wav
2,25,12000,7281,0.607,4786082,bank002/025.wav
2,26,12000,7622,0.635,4786082,bank002/026.wav
2,27,12000,3538,0.295,4786082,bank002/027.wav
2,28,12000,5824,0.485,4786082,bank002/028.wav
2,29,12000,3616,0.301,4786082,bank002/029.wav
2,30,12000,5104,0.425,4786082,bank002/030.wav
2,31,12000,6578,0.548,4786082,bank002/031.wav
2,32,12000,5832,0.486,4786082,bank002/032.wav
2,33,12000,8738,0.728,4786082,bank002/033.wav
2,34,12000,4753,0.396,4786082,bank002/034.wav
2,35,12000,6473,0.539,4786082,bank002/035.wav
2,36,12000,5384,0.449,4786082,bank002/036.wav
2,37,12000,7260,0.605,4786082,bank002/037.wav
2,38,12000,4952,0.413,4786082,bank002/038.wav
2,39,12000,5411,0.451,4786082,bank002/039.wav
2,40,12000,6014,0.501,4786082,bank002/040.wav
2,41,12000,3026,0.252,4786082,bank002/041.wav
2,42,12000,3979,0.332,4786082,bank002/042.wav
2,43,12000,3517,0.293,4786082,bank002/043.wav
2,44,12000,3141,0.262,4786082,bank002/044.wav
2,45,12000,3722,0.31,4786082,bank002/045.wav
2,46,12000,4572,0.381,4786082,bank002/046.wav
2,47,12000,2749,0.229,4786082,bank002/047.wav
2,48,12000,1946,0.162,4786082,bank002/048.wav
2,49,12000,4564,0.38,4786082,bank002/049.wav
2,50,12000,2896,0.241,4786082,bank002/050.wav
2,51,12000,4544,0.379,4786082,bank002/051.wav
2,52,12000,3760,0.313,4786082,bank002/052.wav
2,53,12000,3461,0.288,4786082,bank002/053.wav
2,54,12000,2975,0.248,4786082,bank002/054.wav
2,55,12000,2527,0.211,4786082,bank002/055.wav
2,56,12000,4030,0.336,4786082,bank002/056.wav
2,57,12000,3916,0.326,4786082,bank002/057.wav
2,58,12000,2911,0.243,4786082,bank002/058.wav
2,59,12000,2255,0.188,4786082,bank002/059.wav
2,60,12000,2124,0.177,4786082,bank002/060.wav
2,61,12000,3073,0.256,4786082,bank002/061.wav
2,62,12000,2769,0.231,4786082,bank002/062.wav
2,63,12000,2486,0.207,4786082,bank002/063.wav
2,64,12000,3645,0.304,4786082,bank002/064.wav
2,65,12000,3229,0.269,4786082,bank002/065.wav
2,66,12000,5291,0.441,4786082,bank002/066.wav
2,67,12000,4096,0.341,4786082,bank002/067.wav
2,68,12000,3421,0.285,4786082,bank002/068.wav
2,69,12000,24321,2.027,4786082,bank002/069.wav
2,70,12000,29525,2.46,4786082,bank002/070.wav
2,71,12000,23066,1.922,4786082,bank002/071.wav
2,72,12000,24501,2.042,4786082,bank002/072.wav
2,73,12000,21510,1.792,4786082,bank002/073.wav
2,74,12000,22147,1.846,4786082,bank002/074.wav
2,75,12000,24570,2.047,4786082,bank002/075.wav
2,76,12000,20664,1.722,4786082,bank002/076.wav
2,77,12000,14415,1.201,4786082,bank002/077.wav
2,78,12000,29562,2.463,4786082,bank002/078.wav
2,79,12000,24418,2.035,4786082,bank002/079.wav
2,80,12000,25110,2.092,4786082,bank002/080.wav
2,81,12000,10894,0.908,4786082,bank002/081.wav
2,82,12000,17999,1.5,4786082,bank002/082.wav
2,83,12000,16335,1.361,4786082,bank002/083.wav
2,84,12000,12712,1.059,4786082,bank002/084.wav
2,85,12000,7951,0.663,4786082,bank002/085.wav
2,86,12000,21391,1.783,4786082,bank002/086.wav
2,87,12000,27354,2.28,4786082,bank002/087.wav
2,88,12000,15919,1.327,4786082,bank002/088.wav
2,89,12000,11047,0.921,4786082,bank002/089.wav
2,90,12000,11134,0.928,4786082,bank002/090.wav
2,91,12000,10577,0.881,4786082,bank002/091.wav
2,92,12000,10089,0.841,4786082,bank002/092.wav
2,93,12000,7253,0.604,4786082,bank002/093.wav
2,94,12000,14236,1.186,4786082,bank002/094.wav
2,95,12000,15899,1.325,4786082,bank002/095.wav
2,96,12000,13384,1.115,4786082,bank002/096.wav
2,97,12000,17749,1.479,4786082,bank002/097.wav
2,98,12000,14128,1.177,4786082,bank002/098.wav
2,99,12000,6592,0.549,4786082,bank002/099.wav
2,100,12000,16900,1.408,4786082,bank002/100.wav
